播放清單 ID,頻道 ID,建立時間,更新時間,標題,說明,瀏覽權限
LL-gVtrstQm3mNG45kUFGBPw,UC-gVtrstQm3mNG45kUFGBPw,2015-12-27 06:35:57 UTC,2021-09-21 07:31:24 UTC,Liked videos,,私人

影片 ID,新增時間
3MA8a9k0STM,2021-09-20 21:29:32 UTC
5wP0KuBIrZo,2021-07-18 06:34:47 UTC
CFfUX_1JDTc,2021-07-18 06:34:11 UTC
AGwfFubr2xE,2021-07-18 05:56:21 UTC
v6d9H6TnNEM,2021-07-18 05:48:21 UTC
FkHAYG8vASQ,2021-07-11 11:34:55 UTC
QpEdAeRL1ww,2021-06-14 04:59:35 UTC
Ng_zi11N4_c,2021-06-13 07:24:50 UTC
eybCCtNKwzA,2021-03-30 14:56:57 UTC
65yjBKfefj8,2021-03-26 10:16:46 UTC
lfZNHzqZSsM,2021-03-07 17:29:15 UTC
7w13rgyA-Ao,2021-01-28 11:30:23 UTC
sW9npZVpiMI,2021-01-07 10:00:06 UTC
QVKOkORRvag,2020-12-26 15:21:42 UTC
B5dpSv3YYZ8,2020-12-25 13:31:46 UTC
Nhxkg741dtc,2020-11-27 10:34:58 UTC
GYeEki5qGZc,2020-11-26 04:40:48 UTC
eLdthUVIcnQ,2020-11-21 15:34:33 UTC
7hATV4oLyIw,2020-11-09 17:19:30 UTC
OFBy1YwGWeU,2020-11-04 02:11:57 UTC
qSwfcq08aCU,2020-10-29 04:32:05 UTC
wNhAVahE-jk,2020-05-18 21:18:36 UTC
AIMAJ_8g70o,2020-01-30 04:24:45 UTC
vdrPQ2KNe50,2019-12-05 12:03:22 UTC
M7z6mlro-bs,2019-11-19 10:54:38 UTC
khTh2qncHo4,2019-09-16 02:22:06 UTC
JguKLogoGMk,2019-09-10 12:52:10 UTC
GB8SNR-cT7w,2019-09-08 23:50:31 UTC
YY7-VKXybjc,2019-09-08 15:54:37 UTC
Bh6ZnfhibIk,2019-09-03 23:20:49 UTC
dYulda6wEWA,2019-08-17 13:57:54 UTC
QsH9iPuHvzk,2019-08-17 05:49:19 UTC
YfgOoMGEea4,2019-08-16 18:51:30 UTC
3JXfM_DYbeI,2019-08-15 07:39:41 UTC
JLYN64T3kLI,2019-08-15 05:55:00 UTC
X1UkeLj_XjI,2019-08-12 11:17:03 UTC
Wa2K7sB7BZE,2019-08-03 02:59:18 UTC
 -x0FiyUCK30,2019-08-02 04:36:41 UTC
L6ewlStcEzI,2019-07-31 16:47:13 UTC
EtlmfjmjhBc,2019-07-30 06:15:43 UTC
NDMx74KCYrk,2019-07-29 11:08:00 UTC
 -q4txLdUMBM,2019-07-29 10:33:42 UTC
2511-7VR4nQ,2019-07-29 10:25:34 UTC
9lpoYnWFXjQ,2019-07-28 05:41:39 UTC
MZtTClJ74NU,2019-07-28 00:42:36 UTC
Ib_vzHUo4To,2019-07-27 13:59:04 UTC
pNWNxOzYWWs,2019-07-27 13:49:31 UTC
sUzR3QVBKIo,2019-07-27 13:31:48 UTC
 -xwCu6PN1jU,2019-07-27 13:03:36 UTC
C4OkV6DrVRs,2019-07-27 09:07:03 UTC
GGp-7VHgsKk,2019-07-27 00:23:53 UTC
Et0DjY2cGiE,2019-07-27 00:18:09 UTC
T5UIySP9Owc,2019-07-25 12:13:50 UTC
Y2t68jDwfhc,2019-07-25 11:57:11 UTC
OkphAk_cWPM,2019-07-24 14:43:56 UTC
HQuJzGU7TWg,2019-07-24 10:09:09 UTC
AzxiDWeFeps,2019-07-24 09:29:46 UTC
WPcW83BMT3Y,2019-07-23 13:04:16 UTC
xd_1rn89W2k,2019-07-22 13:37:21 UTC
31DZfkYRvI4,2019-07-22 12:35:57 UTC
eJ7hvnS0Bfk,2019-07-22 11:21:53 UTC
25VUf6pUwEU,2019-07-22 11:11:08 UTC
ZWxWx-vmubI,2019-07-22 10:48:04 UTC
rTK0Gmf57jE,2019-07-22 10:38:34 UTC
9emXNzqCKyg,2019-07-21 23:59:29 UTC
K_WbsFrPUCk,2019-07-21 23:43:40 UTC
GAgegNHVXxE,2019-07-21 23:32:24 UTC
CXnnw9rQH5I,2019-07-21 08:53:31 UTC
K4b7LdWAVyw,2019-07-21 08:10:16 UTC
KwJQ3RfsfBg,2019-07-21 07:37:14 UTC
jCzT9XFZ5bw,2019-07-19 15:39:53 UTC
3ohzBxoFHAY,2019-07-19 04:23:44 UTC
RSl87lqOXDE,2019-07-19 00:06:56 UTC
rq8cL2XMM5M,2019-07-18 17:19:09 UTC
sugvnHA7ElY,2019-07-18 11:05:59 UTC
BJ-VvGyQxho,2019-07-18 09:13:08 UTC
ZDa-Z5JzLYM,2019-07-18 05:16:42 UTC
jpmu6u24MNo,2019-07-15 16:23:12 UTC
a7O0jXCfbkc,2019-07-11 17:32:26 UTC
1wJLKKZMxPc,2019-07-11 17:19:52 UTC
UtDpYVf9jKU,2019-07-09 16:32:25 UTC
8xWch6lS6bo,2019-07-08 10:19:01 UTC
ZEj5bOFsvf0,2019-06-30 13:53:00 UTC
-1FPkO7BcEA,2019-06-29 01:45:08 UTC
thAgDrsHQrs,2019-06-27 22:44:01 UTC
ENhP2ghr_js,2019-06-27 16:55:35 UTC
R82bnV5Jre0,2019-06-17 23:53:24 UTC
hyEUo4du26k,2019-06-15 11:29:38 UTC
ZP92ZA3zydI,2019-06-15 00:09:46 UTC
6sNFqep1Zjw,2019-06-14 18:07:05 UTC
lWwRUqi7-xw,2019-06-14 16:49:20 UTC
sm2e4NT1yho,2019-06-14 11:22:55 UTC
DS462sXzEj4,2019-06-10 10:04:24 UTC
Jdx-7rBE0HY,2019-06-09 23:23:05 UTC
VNbnG2PRqSw,2019-06-05 11:38:28 UTC
r67Pj5hp4IE,2019-06-04 00:17:26 UTC
qc0MbIkh3Jk,2019-05-30 18:00:53 UTC
5tl85Luj92U,2019-05-14 10:24:50 UTC
4WNyZyqRENo,2019-05-11 09:05:52 UTC
aVPvy2LoUhk,2019-05-10 23:32:59 UTC
ekTjojENKm4,2019-05-05 16:05:16 UTC
kak8PEl_v1I,2019-05-04 16:26:44 UTC
U3fipjzvlw8,2019-04-26 15:17:32 UTC
GtDRcXtDg-4,2019-04-24 10:33:19 UTC
bXH4ldYHvCg,2019-04-23 18:08:48 UTC
9uEJuonsc7U,2019-04-20 15:28:55 UTC
5a1Um-MeKeE,2019-04-20 14:14:29 UTC
172LslWPDsU,2019-04-17 08:13:30 UTC
2EFOQ6V_u6M,2019-04-11 15:06:22 UTC
Fxkf2fzAiHY,2019-03-28 07:13:41 UTC
xHxOqJ5EM3Q,2019-03-12 10:25:11 UTC
SwLg58Jar7k,2019-03-02 16:59:26 UTC
jCZsK5ZrwrQ,2019-03-02 16:21:51 UTC
DZKorWNw8Is,2019-02-25 14:30:30 UTC
mIn-BjOjMxY,2019-02-15 12:57:37 UTC
b9BAKWPbH-U,2019-02-14 15:47:57 UTC
Gzyic035JaQ,2019-02-11 13:31:43 UTC
SWmPVWtoIhY,2019-02-06 06:49:30 UTC
WJK8486VjfU,2019-02-05 14:11:41 UTC
WZ6tmqgfr1s,2019-01-09 05:17:30 UTC
6PvKHhrU44A,2019-01-07 11:44:15 UTC
c2C7bvkVGbI,2019-01-04 05:01:27 UTC
seWsSKwJU3I,2019-01-02 08:22:48 UTC
l_NYrWqUR40,2018-12-31 02:16:28 UTC
6RE5vCsPOS4,2018-12-21 00:26:11 UTC
KO5hOLFm0dY,2018-12-19 04:57:51 UTC
_HEnohs6yYw,2018-11-25 16:59:04 UTC
v60H7nWole0,2018-11-15 00:13:08 UTC
H90GFYTpFqE,2018-11-08 00:17:58 UTC
G828e7gZXZ4,2018-10-24 11:18:18 UTC
DTyyirweSIo,2018-10-24 10:52:06 UTC
U8ZIlfTVPwA,2018-10-19 05:45:23 UTC
DWNKGEezkvA,2018-10-12 12:55:02 UTC
x6v_XDUm_CQ,2018-09-29 13:54:27 UTC
WEjBWvddsFc,2018-08-28 00:07:39 UTC
CLizeYPB2Ug,2018-07-13 00:31:36 UTC
Hwt2uEpIdQ4,2018-07-03 11:22:16 UTC
ZneHEIqvupo,2018-07-03 11:18:08 UTC
U2O_bboGEDc,2018-04-01 06:25:14 UTC
EkGvfoTXN08,2018-01-19 00:30:40 UTC
sjd0HsRDHt0,2018-01-15 01:22:49 UTC
ZWlaYliBK1o,2018-01-02 16:35:50 UTC
IoG4tPjxtw0,2017-09-20 15:02:28 UTC
ZSM3w1v-A_Y,2016-12-09 10:44:42 UTC
27w1DNp3ddE,2016-12-09 08:43:33 UTC
nvfejaHz-o0,2015-12-27 06:35:57 UTC

